2015-03-01T00,249
2015-03-01T01,91
2015-03-01T02,56
2015-03-01T03,26
2015-03-01T04,32
2015-03-01T05,84
2015-03-01T06,98
2015-03-01T07,260
2015-03-01T08,419
2015-03-01T09,575
2015-03-01T10,569
2015-03-01T11,478
2015-03-01T12,844
2015-03-01T13,716
2015-03-01T14,595
2015-03-01T15,595
2015-03-01T16,556
2015-03-01T17,608
2015-03-01T18,630
2015-03-01T19,633
2015-03-01T20,848
2015-03-01T21,796
2015-03-01T22,649
2015-03-01T23,407
2015-03-02T00,140
2015-03-02T01,79
2015-03-02T02,60
2015-03-02T03,42
2015-03-02T04,29
2015-03-02T05,106
2015-03-02T06,229
2015-03-02T07,212
2015-03-02T08,285
2015-03-02T09,280
2015-03-02T10,398
2015-03-02T11,429
2015-03-02T12,713
2015-03-02T13,565
2015-03-02T14,539
2015-03-02T15,541
2015-03-02T16,490
2015-03-02T17,635
2015-03-02T18,632
2015-03-02T19,945
2015-03-02T20,1020
2015-03-02T21,1095
2015-03-02T22,1022
2015-03-02T23,493
2015-03-03T00,160
2015-03-03T01,78
2015-03-03T02,53
2015-03-03T03,40
2015-03-03T04,35
2015-03-03T05,81
2015-03-03T06,267
2015-03-03T07,278
2015-03-03T08,276
2015-03-03T09,263
2015-03-03T10,332
2015-03-03T11,283
2015-03-03T12,398
2015-03-03T13,424
2015-03-03T14,499
2015-03-03T15,469
2015-03-03T16,628
2015-03-03T17,499
2015-03-03T18,510
2015-03-03T19,535
2015-03-03T20,795
2015-03-03T21,863
2015-03-03T22,566
2015-03-03T23,251
2015-03-04T00,136
2015-03-04T01,67
2015-03-04T02,44
2015-03-04T03,45
2015-03-04T04,71
2015-03-04T05,84
2015-03-04T06,255
2015-03-04T07,325
2015-03-04T08,273
2015-03-04T09,303
2015-03-04T10,326
2015-03-04T11,374
2015-03-04T12,369
2015-03-04T13,478
2015-03-04T14,469
2015-03-04T15,525
2015-03-04T16,511
2015-03-04T17,696
2015-03-04T18,693
2015-03-04T19,495
2015-03-04T20,848
2015-03-04T21,927
2015-03-04T22,615
2015-03-04T23,307
2015-03-05T00,129
2015-03-05T01,48
2015-03-05T02,73
2015-03-05T03,42
2015-03-05T04,38
2015-03-05T05,76
2015-03-05T06,244
2015-03-05T07,245
2015-03-05T08,294
2015-03-05T09,255
2015-03-05T10,277
2015-03-05T11,381
2015-03-05T12,409
2015-03-05T13,398
2015-03-05T14,346
2015-03-05T15,377
2015-03-05T16,443
2015-03-05T17,604
2015-03-05T18,578
2015-03-05T19,562
2015-03-05T20,983
2015-03-05T21,938
2015-03-05T22,612
2015-03-05T23,222
2015-03-06T00,151
2015-03-06T01,75
2015-03-06T02,56
2015-03-06T03,16
2015-03-06T04,79
2015-03-06T05,78
2015-03-06T06,210
2015-03-06T07,293
2015-03-06T08,271
2015-03-06T09,324
2015-03-06T10,298
2015-03-06T11,342
2015-03-06T12,460
2015-03-06T13,518
2015-03-06T14,492
2015-03-06T15,361
2015-03-06T16,423
2015-03-06T17,534
2015-03-06T18,548
2015-03-06T19,700
2015-03-06T20,722
2015-03-06T21,596
2015-03-06T22,584
2015-03-06T23,308
2015-03-07T00,163
2015-03-07T01,81
2015-03-07T02,56
2015-03-07T03,28
2015-03-07T04,36
2015-03-07T05,69
2015-03-07T06,135
2015-03-07T07,203
2015-03-07T08,305
2015-03-07T09,424
2015-03-07T10,437
2015-03-07T11,558
2015-03-07T12,426
2015-03-07T13,448
2015-03-07T14,513
2015-03-07T15,621
2015-03-07T16,458
2015-03-07T17,429
2015-03-07T18,478
2015-03-07T19,491
2015-03-07T20,566
2015-03-07T21,560
2015-03-07T22,511
2015-03-07T23,337
2015-03-08T00,152
2015-03-08T01,146
2015-03-08T02,121
2015-03-08T03,100
2015-03-08T04,25
2015-03-08T05,56
2015-03-08T06,130
2015-03-08T07,295
2015-03-08T08,468
2015-03-08T09,542
2015-03-08T10,574
2015-03-08T11,637
2015-03-08T12,643
2015-03-08T13,575
2015-03-08T14,868
2015-03-08T15,862
2015-03-08T16,748
2015-03-08T17,728
2015-03-08T18,858
2015-03-08T19,700
2015-03-08T20,1198
2015-03-08T21,1321
2015-03-08T22,714
2015-03-08T23,379
2015-03-09T00,147
2015-03-09T01,93
2015-03-09T02,49
2015-03-09T03,46
2015-03-09T04,45
2015-03-09T05,114
2015-03-09T06,258
2015-03-09T07,222
2015-03-09T08,235
2015-03-09T09,372
2015-03-09T10,335
2015-03-09T11,446
2015-03-09T12,412
2015-03-09T13,668
2015-03-09T14,552
2015-03-09T15,452
2015-03-09T16,622
2015-03-09T17,794
2015-03-09T18,627
2015-03-09T19,827
2015-03-09T20,1025
2015-03-09T21,1075
2015-03-09T22,941
2015-03-09T23,345
2015-03-10T00,119
2015-03-10T01,64
2015-03-10T02,38
2015-03-10T03,23
2015-03-10T04,30
2015-03-10T05,137
2015-03-10T06,288
2015-03-10T07,261
2015-03-10T08,237
2015-03-10T09,205
2015-03-10T10,263
2015-03-10T11,292
2015-03-10T12,367
2015-03-10T13,443
2015-03-10T14,544
2015-03-10T15,461
2015-03-10T16,450
2015-03-10T17,551
2015-03-10T18,651
2015-03-10T19,547
2015-03-10T20,709
2015-03-10T21,862
2015-03-10T22,601
2015-03-10T23,343
2015-03-11T00,120
2015-03-11T01,80
2015-03-11T02,53
2015-03-11T03,28
2015-03-11T04,23
2015-03-11T05,79
2015-03-11T06,235
2015-03-11T07,280
2015-03-11T08,299
2015-03-11T09,291
2015-03-11T10,334
2015-03-11T11,354
2015-03-11T12,339
2015-03-11T13,533
2015-03-11T14,414
2015-03-11T15,518
2015-03-11T16,485
2015-03-11T17,554
2015-03-11T18,512
2015-03-11T19,635
2015-03-11T20,895
2015-03-11T21,976
2015-03-11T22,686
2015-03-11T23,251
2015-03-12T00,104
2015-03-12T01,116
2015-03-12T02,38
2015-03-12T03,28
2015-03-12T04,32
2015-03-12T05,80
2015-03-12T06,180
2015-03-12T07,217
2015-03-12T08,319
2015-03-12T09,292
2015-03-12T10,443
2015-03-12T11,299
2015-03-12T12,404
2015-03-12T13,488
2015-03-12T14,461
2015-03-12T15,553
2015-03-12T16,430
2015-03-12T17,648
2015-03-12T18,586
2015-03-12T19,707
2015-03-12T20,741
2015-03-12T21,871
2015-03-12T22,647
2015-03-12T23,316
2015-03-13T00,149
2015-03-13T01,68
2015-03-13T02,43
2015-03-13T03,46
2015-03-13T04,66
2015-03-13T05,80
2015-03-13T06,231
2015-03-13T07,286
2015-03-13T08,398
2015-03-13T09,286
2015-03-13T10,326
2015-03-13T11,327
2015-03-13T12,357
2015-03-13T13,471
2015-03-13T14,438
2015-03-13T15,489
2015-03-13T16,583
2015-03-13T17,640
2015-03-13T18,550
2015-03-13T19,483
2015-03-13T20,603
2015-03-13T21,704
2015-03-13T22,505
2015-03-13T23,332
2015-03-14T00,195
2015-03-14T01,94
2015-03-14T02,45
2015-03-14T03,36
2015-03-14T04,42
2015-03-14T05,83
2015-03-14T06,184
2015-03-14T07,257
2015-03-14T08,352
2015-03-14T09,339
2015-03-14T10,385
2015-03-14T11,384
2015-03-14T12,413
2015-03-14T13,532
2015-03-14T14,479
2015-03-14T15,371
2015-03-14T16,378
2015-03-14T17,571
2015-03-14T18,524
2015-03-14T19,638
2015-03-14T20,580
2015-03-14T21,777
2015-03-14T22,600
2015-03-14T23,324
2015-03-15T00,153
2015-03-15T01,111
2015-03-15T02,73
2015-03-15T03,39
2015-03-15T04,31
2015-03-15T05,81
2015-03-15T06,110
2015-03-15T07,267
2015-03-15T08,364
2015-03-15T09,507
2015-03-15T10,538
2015-03-15T11,551
2015-03-15T12,590
2015-03-15T13,751
2015-03-15T14,632
2015-03-15T15,817
2015-03-15T16,531
2015-03-15T17,619
2015-03-15T18,598
2015-03-15T19,885
2015-03-15T20,988
2015-03-15T21,857
2015-03-15T22,558
2015-03-15T23,321
2015-03-16T00,118
2015-03-16T01,70
2015-03-16T02,49
2015-03-16T03,35
2015-03-16T04,77
2015-03-16T05,94
2015-03-16T06,228
2015-03-16T07,251
2015-03-16T08,326
2015-03-16T09,282
2015-03-16T10,304
2015-03-16T11,419
2015-03-16T12,491
2015-03-16T13,532
2015-03-16T14,570
2015-03-16T15,461
2015-03-16T16,487
2015-03-16T17,703
2015-03-16T18,719
2015-03-16T19,705
2015-03-16T20,955
2015-03-16T21,999
2015-03-16T22,935
2015-03-16T23,416
2015-03-17T00,164
2015-03-17T01,75
2015-03-17T02,41
2015-03-17T03,27
2015-03-17T04,37
2015-03-17T05,109
2015-03-17T06,244
2015-03-17T07,303
2015-03-17T08,309
2015-03-17T09,247
2015-03-17T10,303
2015-03-17T11,349
2015-03-17T12,462
2015-03-17T13,516
2015-03-17T14,490
2015-03-17T15,434
2015-03-17T16,550
2015-03-17T17,842
2015-03-17T18,558
2015-03-17T19,564
2015-03-17T20,1175
2015-03-17T21,738
2015-03-17T22,624
2015-03-17T23,300
2015-03-18T00,143
2015-03-18T01,92
2015-03-18T02,36
2015-03-18T03,43
2015-03-18T04,35
2015-03-18T05,189
2015-03-18T06,242
2015-03-18T07,350
2015-03-18T08,268
2015-03-18T09,336
2015-03-18T10,292
2015-03-18T11,522
2015-03-18T12,435
2015-03-18T13,417
2015-03-18T14,436
2015-03-18T15,466
2015-03-18T16,424
2015-03-18T17,734
2015-03-18T18,613
2015-03-18T19,502
2015-03-18T20,759
2015-03-18T21,834
2015-03-18T22,578
2015-03-18T23,320
2015-03-19T00,138
2015-03-19T01,59
2015-03-19T02,50
2015-03-19T03,18
2015-03-19T04,36
2015-03-19T05,87
2015-03-19T06,357
2015-03-19T07,271
2015-03-19T08,291
2015-03-19T09,274
2015-03-19T10,354
2015-03-19T11,364
2015-03-19T12,453
2015-03-19T13,745
2015-03-19T14,503
2015-03-19T15,398
2015-03-19T16,731
2015-03-19T17,616
2015-03-19T18,845
2015-03-19T19,836
2015-03-19T20,1176
2015-03-19T21,596
2015-03-19T22,581
2015-03-19T23,260
2015-03-20T00,133
2015-03-20T01,55
2015-03-20T02,63
2015-03-20T03,26
2015-03-20T04,46
2015-03-20T05,113
2015-03-20T06,316
2015-03-20T07,276
2015-03-20T08,383
2015-03-20T09,418
2015-03-20T10,404
2015-03-20T11,453
2015-03-20T12,436
2015-03-20T13,416
2015-03-20T14,471
2015-03-20T15,478
2015-03-20T16,522
2015-03-20T17,537
2015-03-20T18,404
2015-03-20T19,453
2015-03-20T20,621
2015-03-20T21,631
2015-03-20T22,616
2015-03-20T23,365
2015-03-21T00,186
2015-03-21T01,84
2015-03-21T02,78
2015-03-21T03,39
2015-03-21T04,43
2015-03-21T05,51
2015-03-21T06,183
2015-03-21T07,251
2015-03-21T08,360
2015-03-21T09,444
2015-03-21T10,624
2015-03-21T11,583
2015-03-21T12,779
2015-03-21T13,660
2015-03-21T14,583
2015-03-21T15,706
2015-03-21T16,605
2015-03-21T17,692
2015-03-21T18,856
2015-03-21T19,674
2015-03-21T20,730
2015-03-21T21,840
2015-03-21T22,614
2015-03-21T23,398
2015-03-22T00,235
2015-03-22T01,119
2015-03-22T02,56
2015-03-22T03,50
2015-03-22T04,56
2015-03-22T05,71
2015-03-22T06,133
2015-03-22T07,295
2015-03-22T08,440
2015-03-22T09,664
2015-03-22T10,647
2015-03-22T11,621
2015-03-22T12,651
2015-03-22T13,714
2015-03-22T14,831
2015-03-22T15,572
2015-03-22T16,571
2015-03-22T17,650
2015-03-22T18,817
2015-03-22T19,661
2015-03-22T20,687
2015-03-22T21,866
2015-03-22T22,785
2015-03-22T23,356
2015-03-23T00,162
2015-03-23T01,64
2015-03-23T02,36
2015-03-23T03,41
2015-03-23T04,49
2015-03-23T05,106
2015-03-23T06,259
2015-03-23T07,207
2015-03-23T08,280
2015-03-23T09,305
2015-03-23T10,306
2015-03-23T11,353
2015-03-23T12,393
2015-03-23T13,446
2015-03-23T14,378
2015-03-23T15,445
2015-03-23T16,528
2015-03-23T17,461
2015-03-23T18,624
2015-03-23T19,618
2015-03-23T20,850
2015-03-23T21,976
2015-03-23T22,847
2015-03-23T23,567
2015-03-24T00,170
2015-03-24T01,47
2015-03-24T02,37
2015-03-24T03,26
2015-03-24T04,44
2015-03-24T05,116
2015-03-24T06,198
2015-03-24T07,279
2015-03-24T08,279
2015-03-24T09,278
2015-03-24T10,301
2015-03-24T11,316
2015-03-24T12,389
2015-03-24T13,533
2015-03-24T14,444
2015-03-24T15,493
2015-03-24T16,684
2015-03-24T17,433
2015-03-24T18,486
2015-03-24T19,539
2015-03-24T20,599
2015-03-24T21,761
2015-03-24T22,257
2015-03-24T23,219
2015-03-25T00,164
2015-03-25T01,97
2015-03-25T02,21
2015-03-25T03,31
2015-03-25T04,47
2015-03-25T05,82
2015-03-25T06,231
2015-03-25T07,269
2015-03-25T08,312
2015-03-25T09,250
2015-03-25T10,246
2015-03-25T11,307
2015-03-25T12,355
2015-03-25T13,367
2015-03-25T14,568
2015-03-25T15,449
2015-03-25T16,669
2015-03-25T17,1062
2015-03-25T18,951
2015-03-25T19,837
2015-03-25T20,1031
2015-03-25T21,991
2015-03-25T22,712
2015-03-25T23,439
2015-03-26T00,177
2015-03-26T01,49
2015-03-26T02,58
2015-03-26T03,20
2015-03-26T04,33
2015-03-26T05,120
2015-03-26T06,354
2015-03-26T07,400
2015-03-26T08,315
2015-03-26T09,341
2015-03-26T10,377
2015-03-26T11,387
2015-03-26T12,481
2015-03-26T13,620
2015-03-26T14,657
2015-03-26T15,435
2015-03-26T16,446
2015-03-26T17,520
2015-03-26T18,570
2015-03-26T19,586
2015-03-26T20,633
2015-03-26T21,763
2015-03-26T22,531
2015-03-26T23,253
2015-03-27T00,160
2015-03-27T01,58
2015-03-27T02,33
2015-03-27T03,34
2015-03-27T04,42
2015-03-27T05,85
2015-03-27T06,215
2015-03-27T07,343
2015-03-27T08,342
2015-03-27T09,306
2015-03-27T10,327
2015-03-27T11,467
2015-03-27T12,497
2015-03-27T13,1244
2015-03-27T14,764
2015-03-27T15,730
2015-03-27T16,668
2015-03-27T17,752
2015-03-27T18,647
2015-03-27T19,669
2015-03-27T20,743
2015-03-27T21,779
2015-03-27T22,576
2015-03-27T23,371
2015-03-28T00,130
2015-03-28T01,82
2015-03-28T02,72
2015-03-28T03,34
2015-03-28T04,31
2015-03-28T05,54
2015-03-28T06,228
2015-03-28T07,417
2015-03-28T08,720
2015-03-28T09,495
2015-03-28T10,433
2015-03-28T11,528
2015-03-28T12,757
2015-03-28T13,709
2015-03-28T14,588
2015-03-28T15,530
2015-03-28T16,498
2015-03-28T17,486
2015-03-28T18,575
2015-03-28T19,654
2015-03-28T20,878
2015-03-28T21,1011
2015-03-28T22,733
2015-03-28T23,635
2015-03-29T00,218
2015-03-29T01,144
2015-03-29T02,64
2015-03-29T03,78
2015-03-29T04,39
2015-03-29T05,75
2015-03-29T06,144
2015-03-29T07,247
2015-03-29T08,451
2015-03-29T09,500
2015-03-29T10,487
2015-03-29T11,509
2015-03-29T12,515
2015-03-29T13,430
2015-03-29T14,424
2015-03-29T15,504
2015-03-29T16,612
2015-03-29T17,570
2015-03-29T18,592
2015-03-29T19,763
2015-03-29T20,828
2015-03-29T21,531
2015-03-29T22,323
2015-03-29T23,211
2015-03-30T00,78
2015-03-30T01,71
2015-03-30T02,45
2015-03-30T03,22
2015-03-30T04,82
2015-03-30T05,239
2015-03-30T06,232
2015-03-30T07,241
2015-03-30T08,248
2015-03-30T09,388
2015-03-30T10,317
2015-03-30T11,341
2015-03-30T12,427
2015-03-30T13,442
2015-03-30T14,484
2015-03-30T15,488
2015-03-30T16,369
2015-03-30T17,462
2015-03-30T18,515
2015-03-30T19,570
2015-03-30T20,837
2015-03-30T21,677
2015-03-30T22,361
2015-03-30T23,151
2015-03-31T00,116
2015-03-31T01,47
2015-03-31T02,29
2015-03-31T03,26
2015-03-31T04,91
2015-03-31T05,317
2015-03-31T06,339
2015-03-31T07,302
2015-03-31T08,280
2015-03-31T09,369
2015-03-31T10,323
2015-03-31T11,385
2015-03-31T12,469
2015-03-31T13,502
2015-03-31T14,455
2015-03-31T15,483
2015-03-31T16,436
2015-03-31T17,461
2015-03-31T18,539
2015-03-31T19,683
2015-03-31T20,655
2015-03-31T21,582
2015-03-31T22,314
2015-03-31T23,119
2015-04-01T00,71
2015-04-01T01,47
2015-04-01T02,58
2015-04-01T03,29
2015-04-01T04,76
2015-04-01T05,204
2015-04-01T06,307
2015-04-01T07,260
2015-04-01T08,272
2015-04-01T09,332
2015-04-01T10,295
2015-04-01T11,395
2015-04-01T12,451
2015-04-01T13,421
2015-04-01T14,524
2015-04-01T15,431
2015-04-01T16,425
2015-04-01T17,597
2015-04-01T18,574
2015-04-01T19,786
2015-04-01T20,785
2015-04-01T21,663
2015-04-01T22,388
2015-04-01T23,180
2015-04-02T00,95
2015-04-02T01,64
2015-04-02T02,35
2015-04-02T03,32
2015-04-02T04,77
2015-04-02T05,133
2015-04-02T06,310
2015-04-02T07,407
2015-04-02T08,405
2015-04-02T09,479
2015-04-02T10,520
2015-04-02T11,492
2015-04-02T12,661
2015-04-02T13,606
2015-04-02T14,430
2015-04-02T15,426
2015-04-02T16,393
2015-04-02T17,438
2015-04-02T18,568
2015-04-02T19,695
2015-04-02T20,829
2015-04-02T21,542
2015-04-02T22,395
2015-04-02T23,270
2015-04-03T00,101
2015-04-03T01,36
2015-04-03T02,64
2015-04-03T03,41
2015-04-03T04,53
2015-04-03T05,138
2015-04-03T06,285
2015-04-03T07,386
2015-04-03T08,523
2015-04-03T09,501
2015-04-03T10,551
2015-04-03T11,508
2015-04-03T12,658
2015-04-03T13,791
2015-04-03T14,357
2015-04-03T15,369
2015-04-03T16,452
2015-04-03T17,501
2015-04-03T18,467
2015-04-03T19,551
2015-04-03T20,701
2015-04-03T21,677
2015-04-03T22,269
2015-04-03T23,145
2015-04-04T00,61
2015-04-04T01,40
2015-04-04T02,42
2015-04-04T03,31
2015-04-04T04,31
2015-04-04T05,98
2015-04-04T06,191
2015-04-04T07,295
2015-04-04T08,374
2015-04-04T09,460
2015-04-04T10,676
2015-04-04T11,717
2015-04-04T12,769
2015-04-04T13,780
2015-04-04T14,453
2015-04-04T15,464
2015-04-04T16,534
2015-04-04T17,524
2015-04-04T18,486
2015-04-04T19,606
2015-04-04T20,500
2015-04-04T21,478
2015-04-04T22,375
2015-04-04T23,418
2015-04-05T00,246
2015-04-05T01,47
2015-04-05T02,51
2015-04-05T03,36
2015-04-05T04,61
2015-04-05T05,110
2015-04-05T06,184
2015-04-05T07,277
2015-04-05T08,410
2015-04-05T09,528
2015-04-05T10,525
2015-04-05T11,451
2015-04-05T12,457
2015-04-05T13,463
2015-04-05T14,476
2015-04-05T15,423
2015-04-05T16,514
2015-04-05T17,550
2015-04-05T18,591
2015-04-05T19,798
2015-04-05T20,807
2015-04-05T21,802
2015-04-05T22,416
2015-04-05T23,218
2015-04-06T00,104
2015-04-06T01,61
2015-04-06T02,69
2015-04-06T03,49
2015-04-06T04,44
2015-04-06T05,78
2015-04-06T06,182
2015-04-06T07,260
2015-04-06T08,351
2015-04-06T09,372
2015-04-06T10,483
2015-04-06T11,331
2015-04-06T12,374
2015-04-06T13,447
2015-04-06T14,376
2015-04-06T15,359
2015-04-06T16,534
2015-04-06T17,665
2015-04-06T18,775
2015-04-06T19,853
2015-04-06T20,887
2015-04-06T21,867
2015-04-06T22,430
2015-04-06T23,251
2015-04-07T00,123
2015-04-07T01,45
2015-04-07T02,32
2015-04-07T03,39
2015-04-07T04,73
2015-04-07T05,109
2015-04-07T06,180
2015-04-07T07,431
2015-04-07T08,345
2015-04-07T09,383
2015-04-07T10,469
2015-04-07T11,401
2015-04-07T12,356
2015-04-07T13,523
2015-04-07T14,399
2015-04-07T15,383
2015-04-07T16,424
2015-04-07T17,561
2015-04-07T18,623
2015-04-07T19,708
2015-04-07T20,892
2015-04-07T21,581
2015-04-07T22,270
2015-04-07T23,140
2015-04-08T00,61
2015-04-08T01,37
2015-04-08T02,39
2015-04-08T03,35
2015-04-08T04,105
2015-04-08T05,187
2015-04-08T06,232
2015-04-08T07,272
2015-04-08T08,261
2015-04-08T09,264
2015-04-08T10,290
2015-04-08T11,356
2015-04-08T12,368
2015-04-08T13,513
2015-04-08T14,472
2015-04-08T15,381
2015-04-08T16,489
2015-04-08T17,425
2015-04-08T18,614
2015-04-08T19,851
2015-04-08T20,952
2015-04-08T21,631
2015-04-08T22,261
2015-04-08T23,116
2015-04-09T00,52
2015-04-09T01,40
2015-04-09T02,41
2015-04-09T03,34
2015-04-09T04,90
2015-04-09T05,194
2015-04-09T06,227
2015-04-09T07,296
2015-04-09T08,298
2015-04-09T09,278
2015-04-09T10,305
2015-04-09T11,383
2015-04-09T12,447
2015-04-09T13,550
2015-04-09T14,405
2015-04-09T15,493
2015-04-09T16,507
2015-04-09T17,522
2015-04-09T18,533
2015-04-09T19,809
2015-04-09T20,664
2015-04-09T21,542
2015-04-09T22,271
2015-04-09T23,145
2015-04-10T00,99
2015-04-10T01,53
2015-04-10T02,49
2015-04-10T03,42
2015-04-10T04,79
2015-04-10T05,214
2015-04-10T06,201
2015-04-10T07,285
2015-04-10T08,302
2015-04-10T09,284
2015-04-10T10,351
2015-04-10T11,392
2015-04-10T12,409
2015-04-10T13,429
2015-04-10T14,429
2015-04-10T15,364
2015-04-10T16,530
2015-04-10T17,469
2015-04-10T18,504
2015-04-10T19,592
2015-04-10T20,767
2015-04-10T21,566
2015-04-10T22,355
2015-04-10T23,150
2015-04-11T00,68
2015-04-11T01,56
2015-04-11T02,45
2015-04-11T03,28
2015-04-11T04,84
2015-04-11T05,160
2015-04-11T06,237
2015-04-11T07,316
2015-04-11T08,429
2015-04-11T09,455
2015-04-11T10,354
2015-04-11T11,411
2015-04-11T12,481
2015-04-11T13,552
2015-04-11T14,427
2015-04-11T15,359
2015-04-11T16,512
2015-04-11T17,499
2015-04-11T18,489
2015-04-11T19,664
2015-04-11T20,683
2015-04-11T21,646
2015-04-11T22,436
2015-04-11T23,211
2015-04-12T00,90
2015-04-12T01,117
2015-04-12T02,28
2015-04-12T03,24
2015-04-12T04,82
2015-04-12T05,180
2015-04-12T06,282
2015-04-12T07,339
2015-04-12T08,408
2015-04-12T09,382
2015-04-12T10,547
2015-04-12T11,520
2015-04-12T12,509
2015-04-12T13,534
2015-04-12T14,588
2015-04-12T15,557
2015-04-12T16,695
2015-04-12T17,661
2015-04-12T18,757
2015-04-12T19,826
2015-04-12T20,806
2015-04-12T21,621
2015-04-12T22,358
2015-04-12T23,121
2015-04-13T00,73
2015-04-13T01,40
2015-04-13T02,36
2015-04-13T03,23
2015-04-13T04,84
2015-04-13T05,218
2015-04-13T06,291
2015-04-13T07,280
2015-04-13T08,277
2015-04-13T09,316
2015-04-13T10,294
2015-04-13T11,384
2015-04-13T12,452
2015-04-13T13,504
2015-04-13T14,428
2015-04-13T15,422
2015-04-13T16,533
2015-04-13T17,579
2015-04-13T18,541
2015-04-13T19,627
2015-04-13T20,853
2015-04-13T21,571
2015-04-13T22,251
2015-04-13T23,121
2015-04-14T00,56
2015-04-14T01,23
2015-04-14T02,54
2015-04-14T03,36
2015-04-14T04,103
2015-04-14T05,313
2015-04-14T06,260
2015-04-14T07,299
2015-04-14T08,318
2015-04-14T09,364
2015-04-14T10,360
2015-04-14T11,434
2015-04-14T12,455
2015-04-14T13,420
2015-04-14T14,384
2015-04-14T15,442
2015-04-14T16,430
2015-04-14T17,553
2015-04-14T18,583
2015-04-14T19,891
2015-04-14T20,935
2015-04-14T21,673
2015-04-14T22,253
2015-04-14T23,77
2015-04-15T00,54
2015-04-15T01,36
2015-04-15T02,33
2015-04-15T03,28
2015-04-15T04,83
2015-04-15T05,239
2015-04-15T06,284
2015-04-15T07,305
2015-04-15T08,323
2015-04-15T09,241
2015-04-15T10,320
2015-04-15T11,369
2015-04-15T12,654
2015-04-15T13,487
2015-04-15T14,436
2015-04-15T15,472
2015-04-15T16,508
2015-04-15T17,626
2015-04-15T18,557
2015-04-15T19,801
2015-04-15T20,1075
2015-04-15T21,588
2015-04-15T22,312
2015-04-15T23,108
2015-04-16T00,151
2015-04-16T01,54
2015-04-16T02,28
2015-04-16T03,26
2015-04-16T04,79
2015-04-16T05,259
2015-04-16T06,282
2015-04-16T07,380
2015-04-16T08,382
2015-04-16T09,323
2015-04-16T10,334
2015-04-16T11,402
2015-04-16T12,461
2015-04-16T13,535
2015-04-16T14,420
2015-04-16T15,401
2015-04-16T16,559
2015-04-16T17,647
2015-04-16T18,789
2015-04-16T19,993
2015-04-16T20,1099
2015-04-16T21,477
2015-04-16T22,206
2015-04-16T23,101
2015-04-17T00,81
2015-04-17T01,29
2015-04-17T02,34
2015-04-17T03,55
2015-04-17T04,119
2015-04-17T05,234
2015-04-17T06,347
2015-04-17T07,348
2015-04-17T08,366
2015-04-17T09,270
2015-04-17T10,317
2015-04-17T11,413
2015-04-17T12,668
2015-04-17T13,463
2015-04-17T14,469
2015-04-17T15,544
2015-04-17T16,505
2015-04-17T17,510
2015-04-17T18,605
2015-04-17T19,711
2015-04-17T20,690
2015-04-17T21,602
2015-04-17T22,354
2015-04-17T23,112
2015-04-18T00,70
2015-04-18T01,57
2015-04-18T02,46
2015-04-18T03,40
2015-04-18T04,98
2015-04-18T05,138
2015-04-18T06,230
2015-04-18T07,294
2015-04-18T08,502
2015-04-18T09,615
2015-04-18T10,611
2015-04-18T11,563
2015-04-18T12,551
2015-04-18T13,498
2015-04-18T14,477
2015-04-18T15,460
2015-04-18T16,543
2015-04-18T17,874
2015-04-18T18,626
2015-04-18T19,792
2015-04-18T20,1050
2015-04-18T21,894
2015-04-18T22,659
2015-04-18T23,232
2015-04-19T00,108
2015-04-19T01,58
2015-04-19T02,33
2015-04-19T03,33
2015-04-19T04,85
2015-04-19T05,116
2015-04-19T06,217
2015-04-19T07,339
2015-04-19T08,546
2015-04-19T09,805
2015-04-19T10,513
2015-04-19T11,613
2015-04-19T12,615
2015-04-19T13,712
2015-04-19T14,617
2015-04-19T15,665
2015-04-19T16,749
2015-04-19T17,666
2015-04-19T18,726
2015-04-19T19,822
2015-04-19T20,894
2015-04-19T21,659
2015-04-19T22,431
2015-04-19T23,108
2015-04-20T00,58
2015-04-20T01,27
2015-04-20T02,41
2015-04-20T03,53
2015-04-20T04,111
2015-04-20T05,227
2015-04-20T06,202
2015-04-20T07,285
2015-04-20T08,258
2015-04-20T09,317
2015-04-20T10,286
2015-04-20T11,439
2015-04-20T12,465
2015-04-20T13,607
2015-04-20T14,444
2015-04-20T15,484
2015-04-20T16,518
2015-04-20T17,537
2015-04-20T18,631
2015-04-20T19,748
2015-04-20T20,806
2015-04-20T21,589
2015-04-20T22,205
2015-04-20T23,86
2015-04-21T00,55
2015-04-21T01,29
2015-04-21T02,20
2015-04-21T03,38
2015-04-21T04,139
2015-04-21T05,217
2015-04-21T06,291
2015-04-21T07,268
2015-04-21T08,327
2015-04-21T09,359
2015-04-21T10,291
2015-04-21T11,402
2015-04-21T12,438
2015-04-21T13,423
2015-04-21T14,337
2015-04-21T15,423
2015-04-21T16,515
2015-04-21T17,587
2015-04-21T18,592
2015-04-21T19,762
2015-04-21T20,858
2015-04-21T21,645
2015-04-21T22,364
2015-04-21T23,108
2015-04-22T00,47
2015-04-22T01,32
2015-04-22T02,33
2015-04-22T03,54
2015-04-22T04,103
2015-04-22T05,213
2015-04-22T06,263
2015-04-22T07,301
2015-04-22T08,365
2015-04-22T09,396
2015-04-22T10,348
2015-04-22T11,290
2015-04-22T12,407
2015-04-22T13,436
2015-04-22T14,364
2015-04-22T15,329
2015-04-22T16,493
2015-04-22T17,480
2015-04-22T18,539
2015-04-22T19,823
2015-04-22T20,922
2015-04-22T21,805
2015-04-22T22,231
2015-04-22T23,102
2015-04-23T00,55
2015-04-23T01,26
2015-04-23T02,41
2015-04-23T03,45
2015-04-23T04,102
2015-04-23T05,237
2015-04-23T06,255
2015-04-23T07,266
2015-04-23T08,231
2015-04-23T09,252
2015-04-23T10,288
2015-04-23T11,391
2015-04-23T12,408
2015-04-23T13,395
2015-04-23T14,393
2015-04-23T15,436
2015-04-23T16,535
2015-04-23T17,573
2015-04-23T18,635
2015-04-23T19,660
2015-04-23T20,609
2015-04-23T21,448
2015-04-23T22,199
2015-04-23T23,93
2015-04-24T00,86
2015-04-24T01,34
2015-04-24T02,31
2015-04-24T03,39
2015-04-24T04,88
2015-04-24T05,247
2015-04-24T06,223
2015-04-24T07,318
2015-04-24T08,311
2015-04-24T09,357
2015-04-24T10,433
2015-04-24T11,443
2015-04-24T12,572
2015-04-24T13,557
2015-04-24T14,452
2015-04-24T15,329
2015-04-24T16,472
2015-04-24T17,462
2015-04-24T18,427
2015-04-24T19,726
2015-04-24T20,749
2015-04-24T21,480
2015-04-24T22,285
2015-04-24T23,362
2015-04-25T00,93
2015-04-25T01,51
2015-04-25T02,28
2015-04-25T03,30
2015-04-25T04,69
2015-04-25T05,122
2015-04-25T06,214
2015-04-25T07,281
2015-04-25T08,412
2015-04-25T09,403
2015-04-25T10,411
2015-04-25T11,497
2015-04-25T12,630
2015-04-25T13,541
2015-04-25T14,519
2015-04-25T15,450
2015-04-25T16,491
2015-04-25T17,614
2015-04-25T18,518
2015-04-25T19,675
2015-04-25T20,1019
2015-04-25T21,938
2015-04-25T22,741
2015-04-25T23,363
2015-04-26T00,115
2015-04-26T01,59
2015-04-26T02,26
2015-04-26T03,17
2015-04-26T04,34
2015-04-26T05,108
2015-04-26T06,171
2015-04-26T07,293
2015-04-26T08,485
2015-04-26T09,592
2015-04-26T10,564
2015-04-26T11,496
2015-04-26T12,582
2015-04-26T13,487
2015-04-26T14,477
2015-04-26T15,744
2015-04-26T16,655
2015-04-26T17,751
2015-04-26T18,623
2015-04-26T19,948
2015-04-26T20,978
2015-04-26T21,659
2015-04-26T22,347
2015-04-26T23,86
2015-04-27T00,46
2015-04-27T01,38
2015-04-27T02,31
2015-04-27T03,83
2015-04-27T04,95
2015-04-27T05,227
2015-04-27T06,240
2015-04-27T07,241
2015-04-27T08,241
2015-04-27T09,318
2015-04-27T10,256
2015-04-27T11,344
2015-04-27T12,445
2015-04-27T13,386
2015-04-27T14,487
2015-04-27T15,406
2015-04-27T16,436
2015-04-27T17,485
2015-04-27T18,455
2015-04-27T19,560
2015-04-27T20,584
2015-04-27T21,248
2015-04-27T22,109
2015-04-27T23,32
2015-04-28T00,22
2015-04-28T01,14
2015-04-28T02,19
2015-04-28T03,15
2015-04-28T04,47
2015-04-28T05,71
2015-04-28T06,96
2015-04-28T07,133
2015-04-28T08,152
2015-04-28T09,123
2015-04-28T10,108
2015-04-28T11,116
2015-04-28T12,166
2015-04-28T13,143
2015-04-28T14,141
2015-04-28T15,152
2015-04-28T16,158
2015-04-28T17,159
2015-04-28T18,147
2015-04-28T19,171
2015-04-28T20,134
2015-04-28T21,126
2015-04-28T22,76
2015-04-28T23,27
2015-04-29T00,25
2015-04-29T01,22
2015-04-29T02,15
2015-04-29T03,15
2015-04-29T04,24
2015-04-29T05,56
2015-04-29T06,106
2015-04-29T07,91
2015-04-29T08,110
2015-04-29T09,88
2015-04-29T10,134
2015-04-29T11,136
2015-04-29T12,115
2015-04-29T13,88
2015-04-29T14,142
2015-04-29T15,154
2015-04-29T16,156
2015-04-29T17,133
2015-04-29T18,191
2015-04-29T19,338
2015-04-29T20,186
2015-04-29T21,193
2015-04-29T22,89
2015-04-29T23,53
2015-04-30T00,36
2015-04-30T01,14
2015-04-30T02,12
2015-04-30T03,12
2015-04-30T04,31
2015-04-30T05,79
2015-04-30T06,95
2015-04-30T07,124
2015-04-30T08,83
2015-04-30T09,123
2015-04-30T10,105
2015-04-30T11,161
2015-04-30T12,128
2015-04-30T13,141
2015-04-30T14,96
2015-04-30T15,115
2015-04-30T16,115
2015-04-30T17,194
2015-04-30T18,241
2015-04-30T19,135
2015-04-30T20,189
2015-04-30T21,156
2015-04-30T22,133
2015-04-30T23,61
